second,requests,success,failed,error_rate,p50_ms,p95_ms
0,40,40,0,0.0,86.1,141.9
1,40,40,0,0.0,296.0,305.3
2,40,40,0,0.0,369.9,381.6
3,40,40,0,0.0,221.5,236.3
4,40,40,0,0.0,146.4,158.7
5,40,40,0,0.0,75.9,251.9
6,40,40,0,0.0,464.6,485.4
7,40,40,0,0.0,181.8,195.7
8,40,40,0,0.0,100.2,108.5
9,40,40,0,0.0,96.0,106.7
10,40,40,0,0.0,308.5,322.0
11,40,40,0,0.0,97.6,111.1
12,40,40,0,0.0,161.0,171.2
13,40,40,0,0.0,202.4,259.9
14,40,40,0,0.0,98.7,104.8
15,40,40,0,0.0,64.5,75.7
16,40,20,20,50.0,290.0,300.6
17,40,40,0,0.0,62.3,82.2
18,40,40,0,0.0,245.6,258.0
19,40,40,0,0.0,57.0,142.4
20,40,40,0,0.0,112.0,191.5
21,40,40,0,0.0,231.6,246.7
22,40,40,0,0.0,219.0,225.0
23,40,40,0,0.0,274.1,284.9
24,40,40,0,0.0,279.4,294.7
25,40,40,0,0.0,278.7,938.7
26,40,40,0,0.0,141.6,193.8
27,40,40,0,0.0,315.1,339.8
28,40,40,0,0.0,130.2,145.8
29,40,40,0,0.0,243.6,254.1
30,40,40,0,0.0,105.4,149.1
31,40,40,0,0.0,645.2,653.9
32,40,40,0,0.0,301.3,308.7
33,40,40,0,0.0,201.8,215.9
34,40,40,0,0.0,177.6,246.1
35,40,40,0,0.0,164.6,179.6
36,40,40,0,0.0,210.7,220.4
37,40,40,0,0.0,167.6,173.3
38,40,40,0,0.0,47.0,66.5
39,40,40,0,0.0,177.3,188.7
